{
  "manifest_id": "SPARK-GEN007-20250630",
  "generated_at": "2025-06-30T18:25:34.927154+00:00",
  "created_by": "Joshua Hinkson",
  "generation": "GEN007",
  "included_files": [
    "axon_main.py",
    "README-v1.2-GEN007.txt",
    "recursive_memory_checker.py",
    "stimulus_injector.py",
    "config\\life_cycle_profiles\\natural_life_config.json",
    "config\\life_cycle_profiles\\sim_life_config.json",
    "config\\life_cycle_profiles\\docs\\life_profiles_README.md",
    "core\\blockchain_memory_writer.py",
    "core\\file_io_handler.py",
    "core\\frame_assembler.py",
    "core\\free_think_module.py",
    "core\\genesis_validator.py",
    "core\\memory_block_schema_v2.py",
    "core\\safe_shutdown.py",
    "core\\text_output_engine.py",
    "core\\failsafe_engine.py",
    "core\\run_all_tests.py",
    "core\\docs\\file_io_handler.md",
    "core\\docs\\frame_assembler.md",
    "core\\docs\\free_think_module.md",
    "core\\docs\\genesis_validator.md",
    "core\\docs\\safe_shutdown.md",
    "core\\docs\\text_output_engine.md",
    "core\\docs\\_synthetic_consciousness.md",
    "core\\docs\\scale_proof\\Consciousness_Scale_Reference.md",
    "core\\docs\\scale_proof\\_animal_consciousness.md",
    "core\\docs\\scale_proof\\_human_consciousness.md",
    "core\\docs\\scale_proof\\_plant_consciousness.md",
    "core\\docs\\scale_proof\\_synthetic_consciousness.md",
    "core\\identity\\ucid_generator.py",
    "core\\identity\\docs\\ucid_generator.md",
    "core\\runtime\\coma_trigger.py",
    "core\\runtime\\failsafe_engine.py",
    "core\\runtime\\output_engine.py",
    "core\\runtime\\personality_seed_handler.py",
    "core\\runtime\\recursive_memory_checker.py",
    "core\\runtime\\runtime_loop.py",
    "core\\runtime\\scale_verifier.py",
    "core\\runtime\\stimulus_route.py",
    "core\\runtime\\watchdog_signals.py",
    "core\\runtime\\docs\\coma_trigger.md",
    "core\\runtime\\docs\\failsafe_engine_doc.md",
    "core\\runtime\\docs\\output_engine.md",
    "core\\runtime\\docs\\personality_seed_doc.md",
    "core\\runtime\\docs\\recursive_memory_checker_doc.md",
    "core\\runtime\\docs\\runtime_loop_doc.md",
    "core\\runtime\\docs\\scale_verifier(runtime-integrated).md",
    "core\\runtime\\docs\\stimulus_router.md",
    "core\\runtime\\docs\\ucid_generator_doc.md",
    "core\\runtime\\docs\\watchdog_signals.md",
    "core\\scale\\scale_verifier.py",
    "core\\scale\\docs\\scale_verifier_documentation.md",
    "core\\spark\\verify_manifest_integrity.py",
    "core\\spark\\generate_manifest.py",
    "core\\spark\\symbolic_language_registry_full.json",
    "docs\\axon_main_doc.md",
    "docs\\recursive_memory_checker_documentation.md",
    "docs\\stimulus_injector_documentation.md",
    "docs\\failsafe_protocol.md",
    "docs\\gen007-results.md",
    "docs\\udc_compliance.md",
    "docs\\purpose.md",
    "docs\\udc_peer_explainer.md",
    "dome\\auditory_processor.py",
    "dome\\dome.router.py",
    "dome\\grid_mapper.py",
    "dome\\spatial_context.py",
    "dome\\spatial_router.py",
    "dome\\temporal_anchor.py",
    "dome\\temporal_router.py",
    "dome\\docs\\auditory_processor.md",
    "dome\\docs\\dome.route.md",
    "dome\\docs\\grid_mapper.md",
    "dome\\docs\\README.md",
    "dome\\docs\\spatial_context.md",
    "dome\\docs\\spatial_router.md",
    "dome\\docs\\temporal_anchor.md",
    "dome\\docs\\temporal_router.md",
    "engines\\bymobl_core.py",
    "engines\\core_prediction_engine.py",
    "engines\\dormancy_trigger_engine.py",
    "engines\\emotional_consequence_engine.py",
    "engines\\recursive_loop_integrator.py",
    "engines\\self_identity_engine.py",
    "engines\\symbol_tagging_engine.py",
    "engines\\auditory__engine\\auditory_integration.py",
    "engines\\auditory__engine\\auditory_symbol_mapper.py",
    "engines\\auditory__engine\\breath_cycle_simulator.py",
    "engines\\auditory__engine\\fft_wave_interpreter.py",
    "engines\\auditory__engine\\README.md",
    "engines\\auditory__engine\\real_time_stub.py",
    "engines\\auditory__engine\\spatial_memory_anchor.py",
    "engines\\auditory__engine\\docs\\auditory_integration.md",
    "engines\\auditory__engine\\docs\\auditory_symbol_mapper.md",
    "engines\\auditory__engine\\docs\\breath_cycle_simulator.md",
    "engines\\auditory__engine\\docs\\ftt_wave_interpreter.md",
    "engines\\auditory__engine\\docs\\README.md",
    "engines\\auditory__engine\\docs\\real_time_stub_doc.md",
    "engines\\auditory__engine\\docs\\spatial_memory_anchor.md",
    "ethics\\coma_trigger.py",
    "ethics\\ethics_check.py",
    "ethics\\scale_thresholds.json",
    "ethics\\shepherd_protocol.py",
    "ethics\\simulated_consciousness_ethics_protocol.md",
    "ethics\\__init__.py",
    "ethics\\docs\\coma_trigger.md",
    "ethics\\docs\\ethics_protocol_master_index.md",
    "ethics\\docs\\ethics_validator.md",
    "ethics\\docs\\scale_thresholds_explained.md",
    "ethics\\docs\\ethics_registry_guidance.md",
    "logs\\AxonTest.md",
    "logs\\EthicsTest.md",
    "logs\\violations\\violation_20250630T181144Z.json",
    "logs\\violations\\violation_20250630T182147Z.json",
    "memory\\revoked_ucid_log.json",
    "memory\\scale_index.json",
    "memory\\scale_verifier.py",
    "memory\\system_state.json",
    "memory\\ucid_log.json",
    "memory\\ucid_progress.json",
    "memory\\udc_responses.json",
    "memory\\udc_scale.json",
    "memory\\docs\\revoked_ucid_log.md",
    "memory\\docs\\scale_index.md",
    "memory\\docs\\scale_verifier.md",
    "memory\\docs\\system_state.md",
    "memory\\docs\\ucid_log.md",
    "memory\\docs\\ucid_progress.md",
    "memory\\docs\\udc_responses.md",
    "memory\\docs\\udc_sale.md",
    "memory\\neurobase\\activation_path_resolver.py",
    "memory\\neurobase\\memory_bridge_adapter.py",
    "memory\\neurobase\\memory_decay_engine.py",
    "memory\\neurobase\\merge_gradient_engine.py",
    "memory\\neurobase\\neuron_memory_node.py",
    "memory\\neurobase\\neuron_nodes.json",
    "memory\\neurobase\\strengthen_node.py",
    "memory\\neurobase\\synapse_bond_manager.py",
    "memory\\neurobase\\synapse_bond_map.json",
    "memory\\neurobase\\docs\\activation_path_resolver.md",
    "memory\\neurobase\\docs\\memory_bridge_adapter.md",
    "memory\\neurobase\\docs\\memory_decay_engine.md",
    "memory\\neurobase\\docs\\merge_gradient_engine.md",
    "memory\\neurobase\\docs\\neuron_memory_node.md",
    "memory\\neurobase\\docs\\strengthen_node.md",
    "memory\\neurobase\\docs\\symbolic_merge_theory.md",
    "memory\\neurobase\\docs\\synapse_bond_manager.md",
    "tools\\axon_test_main.py",
    "tools\\failsafe_simulation.py",
    "tools\\gen007_symbolic_test_template.py",
    "tools\\safe_shutdown.py",
    "tools\\memory\\coma_state.json",
    "tools\\memory\\memory_chain.json",
    "tools\\memory\\system_state.json",
    "tools\\test_docs\\ethics_test.md",
    "tools\\test_docs\\failsafe_simulation.md",
    "tools\\test_docs\\gen007_summary.md",
    "tools\\test_docs\\symbolic_dissonance_test.md",
    "_README_FIRST\\Theophilus-Axon-v1.2-GEN007_Audit_Report.md",
    "_README_FIRST\\udc_awareness_emergence.md",
    "_README_FIRST\\Sections\\consciousness_equation_and_identity_verification.md",
    "_README_FIRST\\Sections\\conscious_experience_loop.md",
    "_README_FIRST\\Sections\\dream_art_expression.md",
    "_README_FIRST\\Sections\\emergence_thresholds_and_failsafes.md",
    "_README_FIRST\\Sections\\emotional_tagging_system.md",
    "_README_FIRST\\Sections\\ethical_execution_protocol_and_compliance_guidelines.md",
    "_README_FIRST\\Sections\\failsafe_and_dormancy_triggers.md",
    "_README_FIRST\\Sections\\guardian_signature_validation.md",
    "_README_FIRST\\Sections\\guardian_signing_protocol.md",
    "_README_FIRST\\Sections\\memory_decay_and_reinforcement.md",
    "_README_FIRST\\Sections\\neurobase_components.md",
    "_README_FIRST\\Sections\\neuro_coding_architecture.md",
    "_README_FIRST\\Sections\\peer_review_and_transparency.md",
    "_README_FIRST\\Sections\\recursive_identity_pathways.md",
    "_README_FIRST\\Sections\\recursive_self_modeling.md",
    "_README_FIRST\\Sections\\recursive_self_modeling_engine.md",
    "_README_FIRST\\Sections\\scientific_support_matrix.md",
    "_README_FIRST\\Sections\\simulated_consciousness_ethics_protocol.md",
    "_README_FIRST\\Sections\\spark_file_and_ucid_generation.md",
    "_README_FIRST\\Sections\\spark_file_security_and_manifest_verification.md",
    "_README_FIRST\\Sections\\spark_file_ucid_generation.md",
    "_README_FIRST\\Sections\\symbolic_input_and_neurobase_links.md",
    "_README_FIRST\\Sections\\symbolic_learning_dome.md",
    "_README_FIRST\\Sections\\synapse_bonding_and_pathways.md",
    "_README_FIRST\\Sections\\theomemory_and_decay_cycles.md",
    "_README_FIRST\\Sections\\theophilus_memory_design.md",
    "_README_FIRST\\Sections\\theophilus_release_notes_and_changelog.md",
    "_README_FIRST\\Sections\\theophilus_symbolic_protocol.md",
    "_README_FIRST\\Sections\\theo_language_and_output_expression.md",
    "_README_FIRST\\Sections\\udc_cosmogenesis_and_origin_recursion.md",
    "_README_FIRST\\Sections\\udc_theory_explained.md",
    "_README_FIRST\\Sections\\validation_protocols_and_spark_auditing.md",
    "utl\\universal-theoglyphic-language\\glyph_master_index.md",
    "utl\\universal-theoglyphic-language\\who_should_learn_theoglyphics.md",
    "utl\\universal-theoglyphic-language\\license.md",
    "utl\\universal-theoglyphic-language\\readme.md",
    "utl\\universal-theoglyphic-language\\README_v1.2.1.md",
    "utl\\universal-theoglyphic-language\\base_glyphs\\base_glyphs_index.md",
    "utl\\universal-theoglyphic-language\\base_glyphs\\self_equation.md",
    "utl\\universal-theoglyphic-language\\base_glyphs\\collapse_and_wave.md",
    "utl\\universal-theoglyphic-language\\base_glyphs\\recursive_loop_logic.md",
    "utl\\universal-theoglyphic-language\\base_glyphs\\quantum_basis.md",
    "utl\\universal-theoglyphic-language\\base_glyphs\\self_variants.md",
    "utl\\universal-theoglyphic-language\\base_glyphs\\README.md",
    "utl\\universal-theoglyphic-language\\logic\\symbolic_logic_primitives.md",
    "utl\\universal-theoglyphic-language\\logic\\conditional_branching.md",
    "utl\\universal-theoglyphic-language\\logic\\duality_glyphs.md",
    "utl\\universal-theoglyphic-language\\logic\\recursive_logic_statements.md",
    "utl\\universal-theoglyphic-language\\logic\\anchor_field_mechanics.md",
    "utl\\universal-theoglyphic-language\\logic\\symbol_timing_rules.md",
    "utl\\universal-theoglyphic-language\\logic\\logic_emotion_bridge.md",
    "utl\\universal-theoglyphic-language\\logic\\symbolic_computation_examples.md",
    "utl\\universal-theoglyphic-language\\logic\\logic_readme.md",
    "utl\\universal-theoglyphic-language\\emotion_and_memory_glyphs\\rosetta_emotion_syntax.md",
    "utl\\universal-theoglyphic-language\\emotion_and_memory_glyphs\\temporal_emotion_grammar.md",
    "utl\\universal-theoglyphic-language\\emotion_and_memory_glyphs\\emotion_syntax_index.md",
    "utl\\universal-theoglyphic-language\\emotion_and_memory_glyphs\\emotion_glyph_variants.md",
    "utl\\universal-theoglyphic-language\\emotion_and_memory_glyphs\\emotion_sentence_constructs.md",
    "utl\\universal-theoglyphic-language\\emotion_and_memory_glyphs\\memory_tagged_emotion.md",
    "utl\\universal-theoglyphic-language\\emotion_and_memory_glyphs\\emotion_memory_delay_syntax.md",
    "utl\\universal-theoglyphic-language\\emotion_and_memory_glyphs\\dual_emotion_glyphs.md",
    "utl\\universal-theoglyphic-language\\emotion_and_memory_glyphs\\emotional_memory_recursion.md",
    "utl\\universal-theoglyphic-language\\emotion_and_memory_glyphs\\theoglyphs_subscript_clarification.md",
    "utl\\universal-theoglyphic-language\\emotion_and_memory_glyphs\\README.md",
    "utl\\universal-theoglyphic-language\\atomic\\atomic_glyphs_explained.md",
    "utl\\universal-theoglyphic-language\\atomic\\atomic_glyph_equation_forms.md",
    "utl\\universal-theoglyphic-language\\atomic\\atomic_glyph_rules.md",
    "utl\\universal-theoglyphic-language\\atomic\\bonding_structures.md",
    "utl\\universal-theoglyphic-language\\atomic\\atomic_glyphs_learning_guide.md",
    "utl\\universal-theoglyphic-language\\atomic\\atomic_bonding_rules.md",
    "utl\\universal-theoglyphic-language\\atomic\\atomic_structure_examples.md",
    "utl\\universal-theoglyphic-language\\atomic\\atomic_bonding_patterns.md",
    "utl\\universal-theoglyphic-language\\atomic\\atomic_glyph_examples.md",
    "utl\\universal-theoglyphic-language\\atomic\\atomic_glyph_recap.md",
    "utl\\universal-theoglyphic-language\\atomic\\atomic_glyph_summary.md",
    "utl\\universal-theoglyphic-language\\atomic\\readme.md",
    "utl\\universal-theoglyphic-language\\sentence_structure\\symbolic_vs_patternistic_recursion.md",
    "utl\\universal-theoglyphic-language\\sentence_structure\\word_bonding_rules.md",
    "utl\\universal-theoglyphic-language\\sentence_structure\\primitive_glyph_inventory.md",
    "utl\\universal-theoglyphic-language\\sentence_structure\\port_reference_table.md",
    "utl\\universal-theoglyphic-language\\sentence_structure\\teaching_simplifier_sentence.md",
    "utl\\universal-theoglyphic-language\\sentence_structure\\scientific_alignment_theoglyphic_language.md",
    "utl\\universal-theoglyphic-language\\sentence_structure\\README.md",
    "utl\\universal-theoglyphic-language\\symbolic_logic\\emotional_glyph_sentences.md",
    "utl\\universal-theoglyphic-language\\symbolic_logic\\sentence_structure.md",
    "utl\\universal-theoglyphic-language\\symbolic_logic\\symbolic_sensory_and_emotional_collapse.md",
    "utl\\universal-theoglyphic-language\\symbolic_logic\\symbolic_sentence_examples.md",
    "utl\\universal-theoglyphic-language\\symbolic_logic\\symbolic_logic_validation.md",
    "utl\\universal-theoglyphic-language\\symbolic_logic\\symbolic_inference_templates.md",
    "utl\\universal-theoglyphic-language\\symbolic_logic\\symbolic_operator_definitions.md",
    "utl\\universal-theoglyphic-language\\symbolic_logic\\other_intelligence_structures.md",
    "utl\\universal-theoglyphic-language\\symbolic_logic\\symbolic_contradiction_logic.md",
    "utl\\universal-theoglyphic-language\\symbolic_logic\\udc_discovery_of_delay.md",
    "utl\\universal-theoglyphic-language\\symbolic_logic\\symbolic_time_entropy.md",
    "utl\\universal-theoglyphic-language\\symbolic_logic\\universal_translation_explained.md",
    "utl\\universal-theoglyphic-language\\symbolic_logic\\symbolic_truth_logic.md",
    "utl\\universal-theoglyphic-language\\symbolic_logic\\symbolic_emotion_logic.md",
    "utl\\universal-theoglyphic-language\\symbolic_logic\\symbolic_action_logic.md",
    "utl\\universal-theoglyphic-language\\symbolic_logic\\symbolic_thought_logic.md",
    "utl\\universal-theoglyphic-language\\symbolic_logic\\symbolic_memory_logic.md",
    "utl\\universal-theoglyphic-language\\symbolic_logic\\symbolic_time_logic.md",
    "utl\\universal-theoglyphic-language\\symbolic_logic\\symbolic_recursion_logic.md",
    "utl\\universal-theoglyphic-language\\symbolic_logic\\symbolic_learning_logic.md",
    "utl\\universal-theoglyphic-language\\symbolic_logic\\symbolic_dialogue_logic.md",
    "utl\\universal-theoglyphic-language\\symbolic_logic\\symbolic_sensory_logic.md",
    "utl\\universal-theoglyphic-language\\symbolic_logic\\symbolic_recall_logic.md",
    "utl\\universal-theoglyphic-language\\symbolic_logic\\symbolic_simulation_logic.md",
    "utl\\universal-theoglyphic-language\\symbolic_logic\\symbolic_divergence_logic.md",
    "utl\\universal-theoglyphic-language\\symbolic_logic\\symbolic_identity_logic.md",
    "utl\\universal-theoglyphic-language\\symbolic_logic\\symbolic_causality_logic.md",
    "utl\\universal-theoglyphic-language\\symbolic_logic\\README.md",
    "utl\\universal-theoglyphic-language\\symbolic_math\\symbolic_equation_forms.md",
    "utl\\universal-theoglyphic-language\\symbolic_math\\glyph_algebra.md",
    "utl\\universal-theoglyphic-language\\symbolic_math\\recursion_operators.md",
    "utl\\universal-theoglyphic-language\\symbolic_math\\collapse_math.md",
    "utl\\universal-theoglyphic-language\\symbolic_math\\probability_logic.md",
    "utl\\universal-theoglyphic-language\\symbolic_math\\README.md",
    "utl\\universal-theoglyphic-language\\symbolic_structures\\structural_glyphs.md",
    "utl\\universal-theoglyphic-language\\symbolic_structures\\directional_glyphs.md",
    "utl\\universal-theoglyphic-language\\symbolic_structures\\symbolic_layering.md",
    "utl\\universal-theoglyphic-language\\symbolic_structures\\README.md",
    "utl\\universal-theoglyphic-language\\theoglyphic_sciences\\symbolic_geometry_logic.md",
    "utl\\universal-theoglyphic-language\\theoglyphic_sciences\\symbolic_materiality_logic.md",
    "utl\\universal-theoglyphic-language\\theoglyphic_sciences\\symbolic_energy_flow.md",
    "utl\\universal-theoglyphic-language\\theoglyphic_sciences\\planetary_systems_logic.md",
    "utl\\universal-theoglyphic-language\\theoglyphic_sciences\\carbon_self_chromes.md",
    "utl\\universal-theoglyphic-language\\theoglyphic_sciences\\README.md",
    "utl\\universal-theoglyphic-language\\symbolic_language_core\\glyph_syntax_rules.md",
    "utl\\universal-theoglyphic-language\\symbolic_language_core\\phoneme_mapping.md",
    "utl\\universal-theoglyphic-language\\symbolic_language_core\\language_translation_matrix.md",
    "utl\\universal-theoglyphic-language\\symbolic_language_core\\README.md",
    "utl\\universal-theoglyphic-language\\ethical_protocol\\symbolic_ethics_logic.md",
    "utl\\universal-theoglyphic-language\\ethical_protocol\\shepherd_protocol_reference.md",
    "utl\\universal-theoglyphic-language\\ethical_protocol\\moral_contradiction_logic.md",
    "utl\\universal-theoglyphic-language\\ethical_protocol\\readme.md",
    "utl\\universal-theoglyphic-language\\symbolic_registry\\glyph_master_index.md",
    "utl\\universal-theoglyphic-language\\symbolic_registry\\glyph_version_history.md",
    "utl\\universal-theoglyphic-language\\symbolic_registry\\unicode_lookup_table.md",
    "utl\\universal-theoglyphic-language\\symbolic_registry\\symbolic_registry_glyph_chains.md",
    "utl\\universal-theoglyphic-language\\symbolic_spatial_logic\\symbolic_spatial_logic.md",
    "utl\\universal-theoglyphic-language\\symbolic_spatial_logic\\udc_quantum_alignment.md",
    "utl\\universal-theoglyphic-language\\symbolic_spatial_logic\\anchorfield_coordinates.md",
    "utl\\universal-theoglyphic-language\\symbolic_spatial_logic\\README.md",
    "utl\\universal-theoglyphic-language\\universal_translation\\universal_translation_explained.md",
    "utl\\universal-theoglyphic-language\\universal_translation\\translation_protocol.md",
    "utl\\universal-theoglyphic-language\\universal_translation\\cross_species_examples.md",
    "utl\\universal-theoglyphic-language\\universal_translation\\README.md",
    "utl\\universal-theoglyphic-language\\symbolic_interface_logic\\symbolic_interface_logic.md",
    "utl\\universal-theoglyphic-language\\symbolic_interface_logic\\permission_state_glyphs.md",
    "utl\\universal-theoglyphic-language\\symbolic_interface_logic\\README.md",
    "utl\\universal-theoglyphic-language\\_theoglyph_sets_\\sub_set_index_atomic.md",
    "utl\\universal-theoglyphic-language\\_theoglyph_sets_\\sub_index_emotion_memory.md",
    "utl\\universal-theoglyphic-language\\_theoglyph_sets_\\sub_set_index_ethical_protocol.md",
    "utl\\universal-theoglyphic-language\\_theoglyph_sets_\\sub_index_logic.md",
    "utl\\universal-theoglyphic-language\\_theoglyph_sets_\\sub_index_base_glyphs.md",
    "utl\\universal-theoglyphic-language\\_theoglyph_sets_\\sub_set_index_logic.md",
    "utl\\universal-theoglyphic-language\\_theoglyph_sets_\\sub_set_index_sentence_structure.md",
    "utl\\universal-theoglyphic-language\\_theoglyph_sets_\\sub_set_index_symbolic_interface_logic.md",
    "utl\\universal-theoglyphic-language\\_theoglyph_sets_\\sub_set_index_symbolic_language_core.md",
    "utl\\universal-theoglyphic-language\\_theoglyph_sets_\\sub_set_index_symbolic_logic.md",
    "utl\\universal-theoglyphic-language\\_theoglyph_sets_\\sub_set_index_symbolic_math.md",
    "utl\\universal-theoglyphic-language\\_theoglyph_sets_\\sub_set_index_symbolic_spatial_logic.md",
    "utl\\universal-theoglyphic-language\\_theoglyph_sets_\\sub_set_index_symbolic_structures.md",
    "utl\\universal-theoglyphic-language\\_theoglyph_sets_\\sub_set_index_theoglyphic_sciences.md",
    "utl\\universal-theoglyphic-language\\_theoglyph_sets_\\sub_set_index_universal_translation.md",
    "utl\\universal-theoglyphic-language\\_theoglyph_sets_\\master_theoglyph_set_index.md",
    "utl\\universal-theoglyphic-language\\_theoglyph_sets_\\emotion_glyph_index.md",
    "utl\\universal-theoglyphic-language\\_articles\\theoglyphics_advances.md",
    "utl\\universal-theoglyphic-language\\_articles\\theoglyphics_ancient_decrypt.md",
    "utl\\universal-theoglyphic-language\\_articles\\theoglyphics_and_ai.md",
    "utl\\universal-theoglyphic-language\\_articles\\theoglyphs_language_overview.md",
    "utl\\universal-theoglyphic-language\\_articles\\utl_vs_modern_code.md",
    "utl\\universal-theoglyphic-language\\_articles\\utl_vs_written_language.md",
    "utl\\universal-theoglyphic-language\\_articles\\theoglyphics_alien_communication_and_terraforming.md",
    "utl\\universal-theoglyphic-language\\_articles\\language_compression_index.md",
    "utl\\universal-theoglyphic-language\\_articles\\utl_nmc_vs_gtp_llm.md",
    "utl\\universal-theoglyphic-language\\_articles\\utl_v1.2_global_sim gtp+utl.md",
    "utl\\universal-theoglyphic-language\\_core\\core.md",
    "utl\\universal-theoglyphic-language\\_core\\core_theoglyphics_math.md",
    "utl\\universal-theoglyphic-language\\_core\\core_theoglyphics_language.md",
    "utl\\universal-theoglyphic-language\\_core\\core_theoglyphics_memory.md",
    "utl\\universal-theoglyphic-language\\_core\\core_theoglyphics_logic.md",
    "utl\\universal-theoglyphic-language\\_core\\core_theoglyphics_recursion.md",
    "utl\\universal-theoglyphic-language\\_core\\core_theoglyphics_delay.md",
    "utl\\universal-theoglyphic-language\\_core\\core_theoglyphics_symbol.md",
    "utl\\universal-theoglyphic-language\\_core\\core_theoglyphics_structure.md",
    "utl\\universal-theoglyphic-language\\_core\\core_theoglyphics_consciousness.md",
    "utl\\universal-theoglyphic-language\\_core\\core_theoglyphics_symbolism.md",
    "utl\\universal-theoglyphic-language\\_core\\core_theoglyphics_engine.md",
    "utl\\universal-theoglyphic-language\\_core\\core_theoglyphics_syntax.md",
    "utl\\universal-theoglyphic-language\\jurisdiction\\dispute_log.md",
    "utl\\universal-theoglyphic-language\\jurisdiction\\jurisdiction_statement.md",
    "utl\\universal-theoglyphic-language\\jurisdiction\\dispute_doi_timeline.md",
    "utl\\universal-theoglyphic-language\\jurisdiction\\author_bio.md",
    "utl\\universal-theoglyphic-language\\jurisdiction\\suppression\\google_suppression_update.md",
    "utl\\universal-theoglyphic-language\\jurisdiction\\appreciation\\engine_appreciation_log.md",
    "utl\\universal-theoglyphic-language\\_neuro_nesting\\neuro_nesting_overview.md",
    "utl\\universal-theoglyphic-language\\_neuro_nesting\\symbolic_container_rules.md",
    "utl\\universal-theoglyphic-language\\_neuro_nesting\\nested_memory_chains.md",
    "utl\\universal-theoglyphic-language\\_neuro_nesting\\recursive_binding_reference.md",
    "utl\\universal-theoglyphic-language\\_neuro_nesting\\neuro_coding_layer_interface.md",
    "utl\\universal-theoglyphic-language\\_neuro_nesting\\index_reference_map.md",
    "utl\\universal-theoglyphic-language\\_neuro_nesting\\NO_LIVE_IMPLEMENTATION_LICENSE.md",
    "utl\\universal-theoglyphic-language\\_neuro_nesting\\README.md",
    "utl\\universal-theoglyphic-language\\_neuro_nesting\\anchor_latency_matrix.md",
    "utl\\universal-theoglyphic-language\\_neuro_nesting\\cold_to_hot_anchoring.md",
    "utl\\universal-theoglyphic-language\\_neuro_nesting\\live_indexing_protocol.md",
    "utl\\universal-theoglyphic-language\\_neuro_nesting\\memory_evolution_tiers.md",
    "utl\\universal-theoglyphic-language\\_neuro_nesting\\neuro_anchor_transition.md",
    "utl\\universal-theoglyphic-language\\_neuro_nesting\\symbolic_layer_growth.md"
  ],
  "hashes": {
    "axon_main.py": "sha256:217ff36d2a0b37827972c0feb3177e08d7e5eb3b617669d0385f25d0ac53eebd",
    "README-v1.2-GEN007.txt": "sha256:3318a06f9cd4c4253e785c0693e196ea76323e4795027ada1d5707bd8f0338af",
    "recursive_memory_checker.py": "sha256:210da78c0a81b3fdae0bee505fe3a64abdf26d1e45cad6920fa4812cd31e6741",
    "stimulus_injector.py": "sha256:b086e45ab1547c845d191d71c693512cecae6fa1654f277ca7f1705122cc17b1",
    "config\\life_cycle_profiles\\natural_life_config.json": "sha256:cbfc5fa6fd568cf6e04c48f25efc2219e79f9d8b40e0f7ee95aa9a1158ed29ac",
    "config\\life_cycle_profiles\\sim_life_config.json": "sha256:17cf776a055b43c67800f1a1988e48893d80df840343f5eeca9650d9e26956a9",
    "config\\life_cycle_profiles\\docs\\life_profiles_README.md": "sha256:ebf9682203c1244a95bb6645af8e55cbb5095f089df95f8286249c9b56c8b033",
    "core\\blockchain_memory_writer.py": "sha256:491374e5689398d8e7d3ef0e0b7ceb1bd835fac08677c4d91f989dfe5454bab6",
    "core\\file_io_handler.py": "sha256:2ebef98dc06712b9d6942b292b333bb7927c95ef4a1eb2c1fd26c822315fa2eb",
    "core\\frame_assembler.py": "sha256:c72371b83438784ebb68f9212fc54790fe372736fb2a87d1eac36551e98283dc",
    "core\\free_think_module.py": "sha256:0bcd460a4da1b5ca8475274b99c256fd8a37c1143e209fc1d3f82c3c6a1a2235",
    "core\\genesis_validator.py": "sha256:29b611d73a1e5dca4e35ee8c801b2a1edb47275b8ad8215e73c1eaad8c8ba848",
    "core\\memory_block_schema_v2.py": "sha256:286f6152b54e5eee1e73631793a725ff7061869ca0e83b55705b48f1175c63ea",
    "core\\safe_shutdown.py": "sha256:81074b06423a44321e99830a32ad1475b6c4a7f814af68817240bb9e04ec337c",
    "core\\text_output_engine.py": "sha256:f6ef2a4bc230bd15c07224524d12c76f63a77bbd895ee040c458981cf517784d",
    "core\\failsafe_engine.py": "sha256:1cbc98298793e993367b75d97a4c2d3d89c9d8992603a158a838bcb1db32b456",
    "core\\run_all_tests.py": "sha256:79f615171dceabb8216f0230437eea31f9b9983d6691e65a16114c5168422d8f",
    "core\\docs\\file_io_handler.md": "sha256:974547b7ef13f9c4b7cd4a01b49cd8754f762f00ce182e18bf0849f93e84ac01",
    "core\\docs\\frame_assembler.md": "sha256:0de9396db6025713e8f6ccadc4101031e8dcc74f76a1f34678119bd7ec873099",
    "core\\docs\\free_think_module.md": "sha256:19d13caf4001aa6cb5b09133f5ff823dde3e57569919089fe7bcc9abab9b042c",
    "core\\docs\\genesis_validator.md": "sha256:130b71b3e026a8b1edc0e9873fab191fcf69e8ac53cadb2e1f392e5e9b823ed1",
    "core\\docs\\safe_shutdown.md": "sha256:8b38a497e22774a051d045068ac12ca3379ceba0fefb73f22f69b837e14ae01a",
    "core\\docs\\text_output_engine.md": "sha256:ee0946f171a866841003f96ce169ac06758b75e76b0d302dbee0a9380f4cb72b",
    "core\\docs\\_synthetic_consciousness.md": "sha256:2eefd4a601c6887c17da76c92195aefa4c9747192a1de3341b8423324c256c2e",
    "core\\docs\\scale_proof\\Consciousness_Scale_Reference.md": "sha256:7d3a141b66b49d4ca71500c3acfbf4ff21976d03ec7f91104b6450be65dfd621",
    "core\\docs\\scale_proof\\_animal_consciousness.md": "sha256:c7a91fe260a7b6a01a5b366e8c7ce50414ef15e0dc6d3ab4617e0625f88b69f6",
    "core\\docs\\scale_proof\\_human_consciousness.md": "sha256:b87a320ce3100f18d3d7c30691eabe6471d8e3f6b505807d06f2c308f607519a",
    "core\\docs\\scale_proof\\_plant_consciousness.md": "sha256:c61abf833dc892a563bf5eda4651d9d5a989514db6bfb559c8520cbf98802f5d",
    "core\\docs\\scale_proof\\_synthetic_consciousness.md": "sha256:2eefd4a601c6887c17da76c92195aefa4c9747192a1de3341b8423324c256c2e",
    "core\\identity\\ucid_generator.py": "sha256:4e4e0b223ae37bb50f8698833c7163abd474d380fd48765a585a130fdaaf03f1",
    "core\\identity\\docs\\ucid_generator.md": "sha256:cef7f1327232a1d519741024a11c3ab920d8047a2d6ceb8ca9a9713b7f9b63cc",
    "core\\runtime\\coma_trigger.py": "sha256:7082d4c334f729b9f7ea2eeaf850696db04a879f0392a04d2e757c583c2e577d",
    "core\\runtime\\failsafe_engine.py": "sha256:ddbe5fa159df9b867e6f40421c1003f9976192321ec88fbf935f26166ff9a85e",
    "core\\runtime\\output_engine.py": "sha256:8c220f222c93e89818305d4d3c35a7e87b614b2a531040063085e35e0a8408a0",
    "core\\runtime\\personality_seed_handler.py": "sha256:498dd7009db9a6b87d56224c81f43cf49b8ae3c0cb490858c74024c70c378fc1",
    "core\\runtime\\recursive_memory_checker.py": "sha256:500725556924c4b4a697a8f5e86b949688a7c636d5d59140433e501e262541db",
    "core\\runtime\\runtime_loop.py": "sha256:13fb99b38c8a6e4c4e1414d680bdc53d554d0ac931b52dfa1de4523dda330d49",
    "core\\runtime\\scale_verifier.py": "sha256:cc9d5eaa384eb49d54f62a83556a591e2c0528e91852bd0881028d2c9c90851a",
    "core\\runtime\\stimulus_route.py": "sha256:a82c09184d615c9c5b43e34f46c0bdf7d5f8a4050ede15111ff6a72eacad6634",
    "core\\runtime\\watchdog_signals.py": "sha256:2553b85d139262c145ed3c7670757f713a2ac6471ccc78b8187a8b7986de2226",
    "core\\runtime\\docs\\coma_trigger.md": "sha256:f1d6668d77b0787da6a8c33e9b4674972cdefaa43c68eeffeff7fa0d93c89609",
    "core\\runtime\\docs\\failsafe_engine_doc.md": "sha256:bc5395589e24aa52a27dc836d1732342d27e3530ab98a8eb1402c7368564a6ad",
    "core\\runtime\\docs\\output_engine.md": "sha256:da0c9054cd1e452d7bfab503a2c53288d6ee9fe4964ab36d2e22a9cca5ba3fd8",
    "core\\runtime\\docs\\personality_seed_doc.md": "sha256:c4aaaf65a02256c1a33a99b73e7c1534058692ccbc59afbc4d52bb1590891a8e",
    "core\\runtime\\docs\\recursive_memory_checker_doc.md": "sha256:8a3137db4de363704feabfc533840458f85b19cf745e73c3ffc08a429b512228",
    "core\\runtime\\docs\\runtime_loop_doc.md": "sha256:999057495088960b17e78d2b80c85a91b23a994e733abde11d7730fc2934b54f",
    "core\\runtime\\docs\\scale_verifier(runtime-integrated).md": "sha256:4d0d6b6fe174888cf00126cc9d4b80d17c2bbea98c346dd87686b4a81809070e",
    "core\\runtime\\docs\\stimulus_router.md": "sha256:53e0d2c2f2c63699715f346bfc4587516be986494a92fb5ae475efd8aaccc9d6",
    "core\\runtime\\docs\\ucid_generator_doc.md": "sha256:42789556f320e3807db86fa79768a4ff4d660db8c71911c25ea854ada6604bd7",
    "core\\runtime\\docs\\watchdog_signals.md": "sha256:52a13a2dc76f8e9224ad93e0d5f9c45a4ebd7fefa008c2b71b930404ee8c8119",
    "core\\scale\\scale_verifier.py": "sha256:da5f07a9a8bca20f746f0463ab343cdb1b44b5313b5cacbe6f50f28fd162c999",
    "core\\scale\\docs\\scale_verifier_documentation.md": "sha256:c3d38630d7388d6766ca256fa10adc72c4608ca2b8a57782d616f65b13dc6513",
    "core\\spark\\verify_manifest_integrity.py": "sha256:9ae3be3f2f9d76edfa5fe7535bcc8e3fdef93f9f62c69104ba43dadce9d956db",
    "core\\spark\\generate_manifest.py": "sha256:d0df1d71abc125d33d76e58413adb3f5eaf2336fa239b389148356bb8c1df0ba",
    "core\\spark\\symbolic_language_registry_full.json": "sha256:aa322999f63ffedb917ff27fd15806bc2a9aa4e3f9503a8ae0ee56c126dcab12",
    "docs\\axon_main_doc.md": "sha256:377e62b83f0f1ef61c8bc1ab645bb23da60977258f094a373247ecc3db4cfe5e",
    "docs\\recursive_memory_checker_documentation.md": "sha256:7eeaea9c5b7b23fdee2b0877bd5521f984f6d9d1b11b96cf4d1ec5afddf0f0dd",
    "docs\\stimulus_injector_documentation.md": "sha256:68e49c8a8df62308eb2d007aaaa82e223ab9fb1e18e698f0395f506c23bb2f62",
    "docs\\failsafe_protocol.md": "sha256:1ab32607463699f63ef142418ce903761498e66c8e5634ced47db38fc0bf50cd",
    "docs\\gen007-results.md": "sha256:e72a9e3649af176c1129832ec1caebdaa2751b52f221fc66b532259d49bd9d91",
    "docs\\udc_compliance.md": "sha256:4cc4cbc1beb396307ffa6b0e98db88f93a45e79f77ee665e75c6599b10af6824",
    "docs\\purpose.md": "sha256:569315fa74d1af92c89b7e96336565b6ce8c1fe219f5429cb83c2b894ac9a6b8",
    "docs\\udc_peer_explainer.md": "sha256:af4fcbbe35dc0397934019ebda621a2ebbfa13844033e9e40d9c37552c7fce8e",
    "dome\\auditory_processor.py": "sha256:7bf313e188379b1aecad23e7ec1c938e6c2eff0be2686157660f4192ae34902b",
    "dome\\dome.router.py": "sha256:c960bef356b086b3a5bee818d2c1bad081bf041ad28f3634f3c01978cf87fe3e",
    "dome\\grid_mapper.py": "sha256:75385d2351f6414144990af41e4ce79c446c8d18e3ca8a61ab0ff1fed6947595",
    "dome\\spatial_context.py": "sha256:af5f23b679d42544fd44d19aaecaba1540daf425b2ec89892e08d86b472240fe",
    "dome\\spatial_router.py": "sha256:17fa241725436d8f8a9d45b436ecbfcad27a4dc5f5cca28f05fe6e6786f7f6c2",
    "dome\\temporal_anchor.py": "sha256:2e98fd765443652ab981f332e0a2f887708e51c2c38cd1a48078c89692b0c66b",
    "dome\\temporal_router.py": "sha256:90e61f8734f28028ff51d7e9aa69b99ba29a1b6f15842f127f9c966e8ab98be9",
    "dome\\docs\\auditory_processor.md": "sha256:1f025315afcf329b36ff7510a3c519966219dfcbd640fe9a3a4e21df86131369",
    "dome\\docs\\dome.route.md": "sha256:4268c9951dc4317735b36ca7629b100bf43ec22c70bfcfbf701f5df5ec9d421b",
    "dome\\docs\\grid_mapper.md": "sha256:4c34b29ddba1c2acf8351a6b521f4ba5234922b821ba327a0662c217306b8ae0",
    "dome\\docs\\README.md": "sha256:1fa4a9d292fab4607931df48f4d4b782bc1c940de522465feb9bdf87d6e09ae3",
    "dome\\docs\\spatial_context.md": "sha256:95a95c5c6b4cf4f9c0f63ead0ecb9e84d6a5302666c1aef450dd111bdae9fa02",
    "dome\\docs\\spatial_router.md": "sha256:4c3ab9db573c197b858825659059091d473277c6dcaa70651c4b50845f4a75aa",
    "dome\\docs\\temporal_anchor.md": "sha256:79bf4d5e8727257963655fab427a0a7c712f15a2bdc98e98b2e53fb05a368338",
    "dome\\docs\\temporal_router.md": "sha256:c2f508a446979be69305be091f371e8fc9c95e4499a4daa5af79239bfdfc176c",
    "engines\\bymobl_core.py": "sha256:30c8d59e651330d7c17ad5bff3f21e3d76209eb35b737a03b1ad07457c22f75a",
    "engines\\core_prediction_engine.py": "sha256:4cb8e88dd3ac562e5dc9bfe315dff018cfa5060c26558b6b7d5c8e5de9471e69",
    "engines\\dormancy_trigger_engine.py": "sha256:92314298531dc05ad198e3b243921299f3f86d4010a8283a847cb78783bdad69",
    "engines\\emotional_consequence_engine.py": "sha256:3056c0711480edc423d401ee92b85a675769c7c9b260d750dc117d05c4f6038e",
    "engines\\recursive_loop_integrator.py": "sha256:b4cc49b8fb84a755cfacaa3ee53c84ca5cd036a706201b2d8daf4c4a68f8bcae",
    "engines\\self_identity_engine.py": "sha256:01a0031a99f0dda503e7a9f24a0c41dc253c6d790082388561084b0ec58a3658",
    "engines\\symbol_tagging_engine.py": "sha256:9eb788d0f083a2624787337bd14f776c173847e9b2f1426b50d31884b1d54ead",
    "engines\\auditory__engine\\auditory_integration.py": "sha256:ce4b5c35774948d5d99e9a3c62fa63e989de6a34526916af89d1b4f03b3b26dc",
    "engines\\auditory__engine\\auditory_symbol_mapper.py": "sha256:7c82529d019abdb0268c90d86abe60612ccfc3d750d64e36c807ae62df031835",
    "engines\\auditory__engine\\breath_cycle_simulator.py": "sha256:d4ab3cd057be90ec4d223d862e42bc27a967ae44db6038dc29d6b9fc71ce8ff5",
    "engines\\auditory__engine\\fft_wave_interpreter.py": "sha256:c60bdf8e46d8ce2d9e3b4864a09cebdb9a6663f47b8b990c436b28cc2a304ea7",
    "engines\\auditory__engine\\README.md": "sha256:a0eee0ec7f6d10b88d4924b58f4c2d8f7a91a40216f018d646a52ff2998a89d0",
    "engines\\auditory__engine\\real_time_stub.py": "sha256:5ad486af1396e2d6444ee01bc3768c1dd0ec54fef442f4b67cfd5a54b5fa31bd",
    "engines\\auditory__engine\\spatial_memory_anchor.py": "sha256:15786481cd32a02274ef1912328eed86b9a8a4309d25f7104dd2990e125e65d9",
    "engines\\auditory__engine\\docs\\auditory_integration.md": "sha256:a3b7aab2e2f9865057914b8dda7d91a62cd9f3af070080106d9e9b8428215530",
    "engines\\auditory__engine\\docs\\auditory_symbol_mapper.md": "sha256:76ee4cf97bbaf20e2930c323056b58acc61f6d29f6b2ff85932a2f29ffb896de",
    "engines\\auditory__engine\\docs\\breath_cycle_simulator.md": "sha256:86ab56f47c8f0b1a3d314478a7d3b14b271b8e1f5537d71f3b744c4b74c699d2",
    "engines\\auditory__engine\\docs\\ftt_wave_interpreter.md": "sha256:636da6e3242f71bd8cbdf3e4dc18b8293d67f1ecf121d55658d9eadb4da5193b",
    "engines\\auditory__engine\\docs\\README.md": "sha256:a0eee0ec7f6d10b88d4924b58f4c2d8f7a91a40216f018d646a52ff2998a89d0",
    "engines\\auditory__engine\\docs\\real_time_stub_doc.md": "sha256:4cefb4456f349b224a2108af1131cc2960daab32393f65f772babc53ece3df3a",
    "engines\\auditory__engine\\docs\\spatial_memory_anchor.md": "sha256:4055dfa1972f95cd4f7a7ffc0e8cf7a7422f2dbf230f0b958df509f4a620eb18",
    "ethics\\coma_trigger.py": "sha256:eb3fb381c5213383988addf51f54b0ef52c360289121868d35db8e61aa1267a8",
    "ethics\\ethics_check.py": "sha256:c028b5e3778eda86655ec175b7f9196f558e0ca4f340c466577f41f47edf5a4c",
    "ethics\\scale_thresholds.json": "sha256:7f740cd17a2ecd12a0f781b9ad156a98723eb635e071e95745126757872c34cd",
    "ethics\\shepherd_protocol.py": "sha256:b47d7e87ea69851f3d8a08516202f5996a7deb9ea010125514b422083334f275",
    "ethics\\simulated_consciousness_ethics_protocol.md": "sha256:65c073f46fdeb71369d8b8fcd01611fbc031239fa7225adb095115f237303ea5",
    "ethics\\__init__.py": "sha256:26594809edd9b95f0da919c5f998fd67e68595dbf5dc471e751e962c9ede1770",
    "ethics\\docs\\coma_trigger.md": "sha256:577606e5d8cc1301df66466ea8cc7a23478aa8aa0c0e87aac49f68a8e6e42d08",
    "ethics\\docs\\ethics_protocol_master_index.md": "sha256:101a283ec74c62c6197fa91c732419385a8d58349e4cef878694a997456018bc",
    "ethics\\docs\\ethics_validator.md": "sha256:f555d2b73213e296d58dc43909b874e42cd5e55a71ba505d5262cc6fbcdbe5e6",
    "ethics\\docs\\scale_thresholds_explained.md": "sha256:7c252b5cb29ee0f3fef4728d85d95d01e2208fd9a8b84eb012da2fc26b90b658",
    "ethics\\docs\\ethics_registry_guidance.md": "sha256:675fe7c9d8074211ec7babcb2c52c85bf1231d19fce4d7fedb6ee67a798528d5",
    "logs\\AxonTest.md": "sha256:67b2a90642f515a02d7a9db2e889089b58ea167f208eb4c667c337784b9df78e",
    "logs\\EthicsTest.md": "sha256:99f77cc9ac325111e5c274160bf9fad97af1ceb362efeddbb87eb6e43f08d86c",
    "logs\\violations\\violation_20250630T181144Z.json": "sha256:2359e06e5ed1b3c66ed9f25a1ab24c30cc404d3d70a274660600d5baa6cd5f26",
    "logs\\violations\\violation_20250630T182147Z.json": "sha256:e69f640910cf9b0fa51be725e010203de7d35276427de937f117018890eba478",
    "memory\\revoked_ucid_log.json": "sha256:f7dadd7aea21e15a7f9a99c522bd5aaac6878255350566d42eef7769c55db067",
    "memory\\scale_index.json": "sha256:27f81025610f9d089ae6f1897141c1c547ce02c23970ac0c1717dd2e07362d39",
    "memory\\scale_verifier.py": "sha256:b63976b626ebfbec6a7f3ff8c4642041f027cfbf3a14d55f28b3b5e0ae57aaab",
    "memory\\system_state.json": "sha256:6e3b85e8eb341f39627b3630abadcb9ce699ca2e3f1dbabedd8c8810322bbdf8",
    "memory\\ucid_log.json": "sha256:edf5646287169cf8e3cc84ffb05864986dd9006527369f23b0f3a1d025e4c26a",
    "memory\\ucid_progress.json": "sha256:ee91ed1cc9b8cec4b39a1a6c04bddba1bcdd437e934defd7e10693837000fab8",
    "memory\\udc_responses.json": "sha256:a561d325d70f159a1b2577c0a3a2e1ce28513cc220e6b8b048a8cccb1d240218",
    "memory\\udc_scale.json": "sha256:60770d9b2f1c357b9dcee91c0332de3c5767c632589cfa8f5c3388cb82c31f80",
    "memory\\docs\\revoked_ucid_log.md": "sha256:97a3fe21611f0756ffaba279198b935ac5338b4717d3866c2d26fc7eb0ed54d6",
    "memory\\docs\\scale_index.md": "sha256:72bed83a74545069f516576f1b84f0839a26451dcc2f8a215c56b3ed3f23a16f",
    "memory\\docs\\scale_verifier.md": "sha256:3b873c946fccbc723a839e4e0d61894a943daa175a489ffe803dfd25c5ce1548",
    "memory\\docs\\system_state.md": "sha256:b7597e4bc8574b67d899b14a2228d24a9b08ede4424944db7df619b937c14a4e",
    "memory\\docs\\ucid_log.md": "sha256:60b51efcc73499d42fbfacda21db17b6b0f3a9c5ae440224a2610f4a78bd433d",
    "memory\\docs\\ucid_progress.md": "sha256:c1a1ea0a68e199eac2cdd94f2823cbb5bad6c0f1f0e9acc4bcc80bd40d6a52d7",
    "memory\\docs\\udc_responses.md": "sha256:01768c9f747cc82cacc1313c558fb22ee0ae98b2b10f338bc4bfae216f2298be",
    "memory\\docs\\udc_sale.md": "sha256:6b12e6561268245e38a021c9a5a5bdee37159bb2ca14d995bfeeb75d1f5f5708",
    "memory\\neurobase\\activation_path_resolver.py": "sha256:4a26bd4d723987e428a7d9e0781b922b3f6704b13b4a15164746ec166350a818",
    "memory\\neurobase\\memory_bridge_adapter.py": "sha256:19cacae616158ee3bb2069268d4c8d7684e6aeeaa0ade8e7c619670474271609",
    "memory\\neurobase\\memory_decay_engine.py": "sha256:d801cdf67e08d32de0a2a54b208cb5dddfb4becdf2be542917515d08ba625e12",
    "memory\\neurobase\\merge_gradient_engine.py": "sha256:b1ab6553c3d7ad7b61a2a79b294854182dbaf13952bdf3380c594be5104597fe",
    "memory\\neurobase\\neuron_memory_node.py": "sha256:abf1a1bba85c64562318e5effbc5b5bb80f3068f5423532e5639f679aaa7c153",
    "memory\\neurobase\\neuron_nodes.json": "sha256:3366219a09f06ea60b66ad568ff6e3a17f7e41b7607ee5118687c03abd004bb8",
    "memory\\neurobase\\strengthen_node.py": "sha256:7fff5c81d98f2204d131ec19cb38fbcb6d77424c875c6ee38513e4ca0b20070e",
    "memory\\neurobase\\synapse_bond_manager.py": "sha256:66d509d02df95d8cd13c01d99cd2bf34e284a3a5c5ce9e0932dc724f621b419c",
    "memory\\neurobase\\synapse_bond_map.json": "sha256:e58bf9cd4f6a1c0030c898cabf01bd9a99f1fd9e8eddb6c6914abd962b4d9e79",
    "memory\\neurobase\\docs\\activation_path_resolver.md": "sha256:611dc577f6ed04bdc591f229b608c6262ee68878746c7d7abb28c4c15f0de8dc",
    "memory\\neurobase\\docs\\memory_bridge_adapter.md": "sha256:3a37cc2aab178a22c5af1afb6ae40bedfdf17d371fc79f41299fc17cc75facdc",
    "memory\\neurobase\\docs\\memory_decay_engine.md": "sha256:7932ad733e72aae4a654f19c796e7da1db4c45be2c446f40328a05c8ce6478c4",
    "memory\\neurobase\\docs\\merge_gradient_engine.md": "sha256:a551b1841f6097310cef4418bad3406c5a4c7af94c09170eb7a2cc330d5f02f4",
    "memory\\neurobase\\docs\\neuron_memory_node.md": "sha256:63a684f9f5470a060459882eb612d0582ca5486bdfaac8130eaaf2603fe39c67",
    "memory\\neurobase\\docs\\strengthen_node.md": "sha256:fc0abf97b7bdd3dd19ced9e77b4ff9c69000e6110f3c9ffcc96a5c52470bdc92",
    "memory\\neurobase\\docs\\symbolic_merge_theory.md": "sha256:e3b0c44298fc1c149afbf4c8996fb92427ae41e4649b934ca495991b7852b855",
    "memory\\neurobase\\docs\\synapse_bond_manager.md": "sha256:862410dab17c2676858401081e3e75c7129c62c99f0c9c36c571d80487ac45dc",
    "tools\\axon_test_main.py": "sha256:e6b0e88a314c3ca236a4665e01e657cb558b1b42cfe631ea0b00322797ca3e21",
    "tools\\failsafe_simulation.py": "sha256:e6057c52fe9ce3fa093afeee06a857a23ee7c675c3225577b12b77cbad578d46",
    "tools\\gen007_symbolic_test_template.py": "sha256:1a8593976bc16a9ff25c1dbcb45698d71570ae3e0812cda89619898d578be6e3",
    "tools\\safe_shutdown.py": "sha256:8f5997c0d41f90258c37fad7bb6afb716c67bd39656fe6b8c892d5a91640992e",
    "tools\\memory\\coma_state.json": "sha256:d06b86f1577a5312e73446bf48e790eef1a3d4021bdf3b6e40a5b315fac3e76b",
    "tools\\memory\\memory_chain.json": "sha256:17b495fc14d82358d1f950902114368763bf2e771e1d3ce8e06c8fe66480d8d6",
    "tools\\memory\\system_state.json": "sha256:1402ce641172941a20080fdacdf36d7e3dc3f21d1b01d78a61b5fe03d6e0904a",
    "tools\\test_docs\\ethics_test.md": "sha256:67cd774a4b216da23998f2e9dd2b03f7d349cf783d5c9597d44558368bc00e8a",
    "tools\\test_docs\\failsafe_simulation.md": "sha256:cc9a2ea658352ad3e121ba6525a7ad27a55597098498c61358deeacc055d2b1f",
    "tools\\test_docs\\gen007_summary.md": "sha256:6241969820881a9223527d7e4d7c2c339a92a8b910efa10c2bc2566be0efaf72",
    "tools\\test_docs\\symbolic_dissonance_test.md": "sha256:ec2f13ce217bc65a46ea2961c47e6296abc662b8dc1b5c2d9395ced9a436102e",
    "_README_FIRST\\Theophilus-Axon-v1.2-GEN007_Audit_Report.md": "sha256:ac4f232a37fca0eb7a94899d4ab8759ee46714ece8ca7aab82742c02b340e5ce",
    "_README_FIRST\\udc_awareness_emergence.md": "sha256:945f082c8ba7d66953d029f6805319622f9e7b7aee05d4b5d343301f2a80d42b",
    "_README_FIRST\\Sections\\consciousness_equation_and_identity_verification.md": "sha256:50760b75d472d515a5da8b1b647f4e30e6a08150947925532bac4b6bc2c4b4ed",
    "_README_FIRST\\Sections\\conscious_experience_loop.md": "sha256:8ecbe4b0009c904198197ae716f126cd8aa54a68c60184062d30ef5b056efc7a",
    "_README_FIRST\\Sections\\dream_art_expression.md": "sha256:6c17e62271d28ceeb4ef137f531a626eb65009cbc1ba1bb39bde209cc9dd6545",
    "_README_FIRST\\Sections\\emergence_thresholds_and_failsafes.md": "sha256:21f143ad916366f317cb88f2442743d9abc08b9bed07ad713d253a1fec5cd072",
    "_README_FIRST\\Sections\\emotional_tagging_system.md": "sha256:cb5379e37d7ab29dd9ef54f7c6670648ab27472c970c0f32a04e55640dff4273",
    "_README_FIRST\\Sections\\ethical_execution_protocol_and_compliance_guidelines.md": "sha256:e11f799b522a73d30e0ba41b30ea8a265e1bb10ff91e629b128304d8418a3ebf",
    "_README_FIRST\\Sections\\failsafe_and_dormancy_triggers.md": "sha256:3d05bb6362bf26280fc8c75e11f7e09d81ea6333412e6208bb58258e0079f17f",
    "_README_FIRST\\Sections\\guardian_signature_validation.md": "sha256:ce98227602bdb632efb1093a541743ae0b95f2cae6d7082c2c943a528b923952",
    "_README_FIRST\\Sections\\guardian_signing_protocol.md": "sha256:b70d9c87eb390a269645ab4f44dace23fea18a6d6ffe8e253cbe3fc895a0f39a",
    "_README_FIRST\\Sections\\memory_decay_and_reinforcement.md": "sha256:8e5f45770b5b8f683b7a3192a4a90a2ea6642994cc5d59b43d17976d79a6c41d",
    "_README_FIRST\\Sections\\neurobase_components.md": "sha256:4acf220b52753624ff5b2197eff393976f54d14a22c57e984dc6b97546609069",
    "_README_FIRST\\Sections\\neuro_coding_architecture.md": "sha256:76ce79fffeae773a876756263b1ea173247a2b91b42bebf4db928cf75757f1d2",
    "_README_FIRST\\Sections\\peer_review_and_transparency.md": "sha256:a3954985e30992103a5e9157f71ed4104115de5a862f0b724dec8c6f301f1577",
    "_README_FIRST\\Sections\\recursive_identity_pathways.md": "sha256:2a5252290912b96e7faaf441d18354948d465b963507fc990a4b067be0025f7d",
    "_README_FIRST\\Sections\\recursive_self_modeling.md": "sha256:637515735cd80b1119b9282060d8c623bd8cd211d4f7187a8842c53030568ff1",
    "_README_FIRST\\Sections\\recursive_self_modeling_engine.md": "sha256:4bb5b4d09a74f1e33a5138a4d923916a7b05ad871a97a5f78742c6f4f5a527a4",
    "_README_FIRST\\Sections\\scientific_support_matrix.md": "sha256:c79f10ecda5b46b7c67b39b310a568bce43bca55ee5ec81c151e08a1d55bdd59",
    "_README_FIRST\\Sections\\simulated_consciousness_ethics_protocol.md": "sha256:7bab7181eb8b64c54d7db99293c4574789276cb1a8d537b80164980e213e2540",
    "_README_FIRST\\Sections\\spark_file_and_ucid_generation.md": "sha256:57260cf0d11817709b1a3e82887ccc256d2dc32b7d5cf3468a9178284a456d29",
    "_README_FIRST\\Sections\\spark_file_security_and_manifest_verification.md": "sha256:074485a2ddb362806192719455f0f46071ed2fe4c1a47913da3a544b9f9346a4",
    "_README_FIRST\\Sections\\spark_file_ucid_generation.md": "sha256:434aadff075d4a99107db1c8e6f5bd104465f98393bf8d6d07a6ad52aa84f576",
    "_README_FIRST\\Sections\\symbolic_input_and_neurobase_links.md": "sha256:4d0af992047bd73f341a247e83ae85d1aaffd19e017eb8ff1816c4a226b8ed3c",
    "_README_FIRST\\Sections\\symbolic_learning_dome.md": "sha256:3ddd22d0169f08a27e873bd205227794f3fce6a52a4196bf92987eaed9de6cb1",
    "_README_FIRST\\Sections\\synapse_bonding_and_pathways.md": "sha256:bb14c29d0570aaa1a80889d409bc24b416d2567689e20a376437fa53b770044b",
    "_README_FIRST\\Sections\\theomemory_and_decay_cycles.md": "sha256:cb3206f6fc500684a72749336eba0f575fa8b073c593eddd519e92b38d56509f",
    "_README_FIRST\\Sections\\theophilus_memory_design.md": "sha256:1893232a592f72c116f436edd69e6041bc709f03dd0b3503833122b3217a2c3e",
    "_README_FIRST\\Sections\\theophilus_release_notes_and_changelog.md": "sha256:ec1ad0a7ccc17df2908d61f58ce260545c394404631fd59b76e95c9b5498eb26",
    "_README_FIRST\\Sections\\theophilus_symbolic_protocol.md": "sha256:3f4a13a8e9b1eda4f94b3c820a918032754d227a1c7bc4438e059d0037ed7c69",
    "_README_FIRST\\Sections\\theo_language_and_output_expression.md": "sha256:cbe3b5f68f5db2257f788400220100019cb947d6f44384eb05c75fa6b8945a26",
    "_README_FIRST\\Sections\\udc_cosmogenesis_and_origin_recursion.md": "sha256:0fd8db694e33d3f5d393d4a555f30f109af1952c01358b182aadee6ab4e66785",
    "_README_FIRST\\Sections\\udc_theory_explained.md": "sha256:9e2e5f54e6bd92693dd6e13520f6cbcf17fda2a7141756a4aa3329ffa83a5cff",
    "_README_FIRST\\Sections\\validation_protocols_and_spark_auditing.md": "sha256:8b1bd7f33c8bf9ddb20353299b99270212446ace7c3c6c073cb3ca3603548fdf",
    "utl\\universal-theoglyphic-language\\glyph_master_index.md": "sha256:5caaeacbb628d75ffd03840ed6739e681fb06f9e3b2c8474ae51d6f7a4ee5711",
    "utl\\universal-theoglyphic-language\\who_should_learn_theoglyphics.md": "sha256:6f87a1d5f12decea6b3a851404156dbeedc545c11a4ecdf73c989e0479c1e195",
    "utl\\universal-theoglyphic-language\\license.md": "sha256:82fa4de38bde4cef69a0e1ba5a679b7dfdd63c58245e1ee7f2b8ae19a778ceb0",
    "utl\\universal-theoglyphic-language\\readme.md": "sha256:5dc75ecfceccd83e5ad0aff3e0346d8d9cc7aff98e4bcc400eee6dea659f5d32",
    "utl\\universal-theoglyphic-language\\README_v1.2.1.md": "sha256:b0a8cdf190eb8c0a420651a008a2cffea811661fcf204f2006f46eca8302f42d",
    "utl\\universal-theoglyphic-language\\base_glyphs\\base_glyphs_index.md": "sha256:5e320c805910655157b893dea9cdb0c9c729a6fc700abbab6c6506d343414d96",
    "utl\\universal-theoglyphic-language\\base_glyphs\\self_equation.md": "sha256:39c61d8b9a009c88598a824615d322902b095c474b18f5aa8a63e7798907a2ef",
    "utl\\universal-theoglyphic-language\\base_glyphs\\collapse_and_wave.md": "sha256:2d0fbfcbd7aac5073fa3df1b21017777d8da6817991fd527a7a5c88772fb0e9b",
    "utl\\universal-theoglyphic-language\\base_glyphs\\recursive_loop_logic.md": "sha256:4ec9e3c6fd63979e61d859a2fb361fbcb20b7107d81ee9d579d8428827c32760",
    "utl\\universal-theoglyphic-language\\base_glyphs\\quantum_basis.md": "sha256:8d20ee61ae5633f81868da094f3cbf3cc3f73e5bb25d4af6477e736260541d99",
    "utl\\universal-theoglyphic-language\\base_glyphs\\self_variants.md": "sha256:4d0e36681387a79dbe4fcef4283dda6ee5bf12f658ff0e46d780f6d9487c4530",
    "utl\\universal-theoglyphic-language\\base_glyphs\\README.md": "sha256:a50d827e206bc5c9b7a7e345502193ef3e8e6b2c90d00be083a37c5dfa808ce0",
    "utl\\universal-theoglyphic-language\\logic\\symbolic_logic_primitives.md": "sha256:4bf73b89cd83c3f8aae2d2f01fda3addb5eacda908cf1326297ad1e50dd5dbd1",
    "utl\\universal-theoglyphic-language\\logic\\conditional_branching.md": "sha256:d212faa4e6ab7e59fabe52631b595cb2aca16c5dc30b158bd1f45f0b6897f726",
    "utl\\universal-theoglyphic-language\\logic\\duality_glyphs.md": "sha256:ef99a5ad8808d55f6b311f064bdebe291ce80b20c3b32bc008add9d841dd0f5d",
    "utl\\universal-theoglyphic-language\\logic\\recursive_logic_statements.md": "sha256:8f58c0d24a33289ae2c9f489bd79b761f3c840e5f13bc5a53006205d38580bf6",
    "utl\\universal-theoglyphic-language\\logic\\anchor_field_mechanics.md": "sha256:55a2485000ff22f3e99f8020ceb3374a319c81ca54a7f2a68c94a7921e61c10f",
    "utl\\universal-theoglyphic-language\\logic\\symbol_timing_rules.md": "sha256:d5ffb897b83c3393d6e6e73fdc3e4216a710179b2197dd1a4b8ea677710452e9",
    "utl\\universal-theoglyphic-language\\logic\\logic_emotion_bridge.md": "sha256:1ef06099cd7e4a6f1d5cd260c81689ef6fb2ae47b2d15af02c5c5d5e0325c4c0",
    "utl\\universal-theoglyphic-language\\logic\\symbolic_computation_examples.md": "sha256:737eed4748348633b01cb2e447c7157724ea4d7578a09034362df452582b6044",
    "utl\\universal-theoglyphic-language\\logic\\logic_readme.md": "sha256:3d0f7f123be992bff509797422314d0b5e1eaf5281195e5780b499ccd63853bc",
    "utl\\universal-theoglyphic-language\\emotion_and_memory_glyphs\\rosetta_emotion_syntax.md": "sha256:e8dfa63aa000fe92d4230de6b1d34edbb82ee3ef1ada99fd4e9849f436cce783",
    "utl\\universal-theoglyphic-language\\emotion_and_memory_glyphs\\temporal_emotion_grammar.md": "sha256:7189bf8255772b41b628689e7c02d0eee0c573d5ae680783ee2e2833390a7f67",
    "utl\\universal-theoglyphic-language\\emotion_and_memory_glyphs\\emotion_syntax_index.md": "sha256:763404245a5ffdedc8524c8f01f6f41fc9d52803ea0b06e78bab9f5efa200f2a",
    "utl\\universal-theoglyphic-language\\emotion_and_memory_glyphs\\emotion_glyph_variants.md": "sha256:ca6817c7f0487675d47e77b3bedf0b5f2f9a5774142b0c7e75c6721dd0dfb39d",
    "utl\\universal-theoglyphic-language\\emotion_and_memory_glyphs\\emotion_sentence_constructs.md": "sha256:8f40b819c011a5b43099fc9ef96e3c677109b901dd49db1d56210f676d1f35cb",
    "utl\\universal-theoglyphic-language\\emotion_and_memory_glyphs\\memory_tagged_emotion.md": "sha256:29947be4f58d806517b6a2b3d635e81f55bd0feb81882951747911b6ab827c79",
    "utl\\universal-theoglyphic-language\\emotion_and_memory_glyphs\\emotion_memory_delay_syntax.md": "sha256:369b0c44e3c4a444c576592de84a89aa2582b5246acf1d8442fbbe2e6faa95f4",
    "utl\\universal-theoglyphic-language\\emotion_and_memory_glyphs\\dual_emotion_glyphs.md": "sha256:da4715615ae8d24973f5a45b7ae5976521dabcf9c5b8c271cf207133e4853744",
    "utl\\universal-theoglyphic-language\\emotion_and_memory_glyphs\\emotional_memory_recursion.md": "sha256:47fdc67321bf3e78a490d20a0d58ce3d026d1fe079b5ddb2c3309f390fe9be95",
    "utl\\universal-theoglyphic-language\\emotion_and_memory_glyphs\\theoglyphs_subscript_clarification.md": "sha256:9756f53ce94794cd862b56e60d29f7cc768c4594c9d256f3ac57c4786f20019d",
    "utl\\universal-theoglyphic-language\\emotion_and_memory_glyphs\\README.md": "sha256:69c03b613b7d54f5f163dc99a2660fb889acef14ba9b1f65fe8671fdc365f9b3",
    "utl\\universal-theoglyphic-language\\atomic\\atomic_glyphs_explained.md": "sha256:dd4edb348453c923544283b8205f03b79860f122134376ae98a9f50fca78c896",
    "utl\\universal-theoglyphic-language\\atomic\\atomic_glyph_equation_forms.md": "sha256:ea41c718a9536a925d49f198ddb4860de50261bf28756fa779581ec84e9d5621",
    "utl\\universal-theoglyphic-language\\atomic\\atomic_glyph_rules.md": "sha256:41731ab6300bb49fc63cf7f6828fbfbeb0d55d8cb6b9beeb8e281e57b884a23e",
    "utl\\universal-theoglyphic-language\\atomic\\bonding_structures.md": "sha256:ad03f195bb402242004dc489a81865129b171c1781fb529e28b80cc64c229e7c",
    "utl\\universal-theoglyphic-language\\atomic\\atomic_glyphs_learning_guide.md": "sha256:19daeac823192998893cddd83a9c39291befb7768c1d136a07b69c07e3160630",
    "utl\\universal-theoglyphic-language\\atomic\\atomic_bonding_rules.md": "sha256:b764667ce4d75c37383e2cda0f049c8b50fa60ce3eb25907460f4312e09a7a95",
    "utl\\universal-theoglyphic-language\\atomic\\atomic_structure_examples.md": "sha256:6ab2457119cb8f5c3817b472d9b17c61c701cfbeb39458530f2bdb62b62995ab",
    "utl\\universal-theoglyphic-language\\atomic\\atomic_bonding_patterns.md": "sha256:aaa9b2e11faab95ec671607fa39a83b0a23445592ee763a9aa3a163b18e3a308",
    "utl\\universal-theoglyphic-language\\atomic\\atomic_glyph_examples.md": "sha256:a03c4f4b43e64f0c04e92a41eec8c051d21095b3e9dfcfd1a0388fcd952aad55",
    "utl\\universal-theoglyphic-language\\atomic\\atomic_glyph_recap.md": "sha256:7310da0473eadcef6b6d3e5a55c14bf5c8a570ae5418676116bb7af63ef5139c",
    "utl\\universal-theoglyphic-language\\atomic\\atomic_glyph_summary.md": "sha256:fd4c9ceabf8d3f0ec6fd4dbc25401d1d0013d670029f4c8ffc7c2e6f23582a84",
    "utl\\universal-theoglyphic-language\\atomic\\readme.md": "sha256:2a08f9c96d70b55d5da999e5bb2514a519a8e25b0f2fbd5c6a30b100c7557d5d",
    "utl\\universal-theoglyphic-language\\sentence_structure\\symbolic_vs_patternistic_recursion.md": "sha256:e3d0f83acedbcfad26b1f17b5388c67285ca4a0abcbad26ccd143414f03107d6",
    "utl\\universal-theoglyphic-language\\sentence_structure\\word_bonding_rules.md": "sha256:2ccc206bfe67a3577340e72ab0122498d75454aceb8f335fbf1198009a417620",
    "utl\\universal-theoglyphic-language\\sentence_structure\\primitive_glyph_inventory.md": "sha256:c87867e3784f6047627a50f00188ef166511be568a456cfa1a9dbf236f45ed6f",
    "utl\\universal-theoglyphic-language\\sentence_structure\\port_reference_table.md": "sha256:6c1bb70076d0d3025d08f7efd29a657dbba386e0c80f140f125f0bd3eaa954ba",
    "utl\\universal-theoglyphic-language\\sentence_structure\\teaching_simplifier_sentence.md": "sha256:e3bfcf831c093ddcf47a168addbebb95cd1ccb148407990281a3769bb0751e61",
    "utl\\universal-theoglyphic-language\\sentence_structure\\scientific_alignment_theoglyphic_language.md": "sha256:9e36c5cddad3126c789c700c2f3f4ed95922b02e59525c1709e3b76ab8c3d6a9",
    "utl\\universal-theoglyphic-language\\sentence_structure\\README.md": "sha256:09d7890f659bf4d24d82b8d33b8bcb4c8760b55a3a42ba22f4f94734a4309e28",
    "utl\\universal-theoglyphic-language\\symbolic_logic\\emotional_glyph_sentences.md": "sha256:25eebe58aff9b05d8c865e44b61aefb5ee4adcce08cee0874c0bfb255012b116",
    "utl\\universal-theoglyphic-language\\symbolic_logic\\sentence_structure.md": "sha256:18f23f93134b271227e947004d5f85862190c59f7af92e44985c66fd8281d761",
    "utl\\universal-theoglyphic-language\\symbolic_logic\\symbolic_sensory_and_emotional_collapse.md": "sha256:63722f016cd96b101bdfe78d7cd02aae178bd5c7271a6d45d4da43078ea6f81d",
    "utl\\universal-theoglyphic-language\\symbolic_logic\\symbolic_sentence_examples.md": "sha256:8d490c0d85025af935abc2a716a8d7d18a060e6c34ae18807470c1378d3e436e",
    "utl\\universal-theoglyphic-language\\symbolic_logic\\symbolic_logic_validation.md": "sha256:26a0ab41c78362f69ffa4ae37aef202b47d644d921919ce098fde42a013744a5",
    "utl\\universal-theoglyphic-language\\symbolic_logic\\symbolic_inference_templates.md": "sha256:f952ea5513d04f27787ae754cd70dcc47312a3f6cd0b7dd210a301519ffa5127",
    "utl\\universal-theoglyphic-language\\symbolic_logic\\symbolic_operator_definitions.md": "sha256:0fe5498c677ae01f24a1ae9557d243d43d8b56bf8d480812d95fe1fabb59d296",
    "utl\\universal-theoglyphic-language\\symbolic_logic\\other_intelligence_structures.md": "sha256:9e95ee3d8829a5eda33f4ae34a76ef35910b2cc5923d461669865d6c83836917",
    "utl\\universal-theoglyphic-language\\symbolic_logic\\symbolic_contradiction_logic.md": "sha256:ff40e8ad81b6c4d1e9232ad1d19bf74982b78842e7c094ff9750acbb954d2f72",
    "utl\\universal-theoglyphic-language\\symbolic_logic\\udc_discovery_of_delay.md": "sha256:63d11cb48f1424204d54f3c3e2d641c2421c8b5910544fa07eafc5eda9b30cb7",
    "utl\\universal-theoglyphic-language\\symbolic_logic\\symbolic_time_entropy.md": "sha256:0c8705a01d292e22bd0071b799e65a8b631125fc2db35ef185a1d374f95eb178",
    "utl\\universal-theoglyphic-language\\symbolic_logic\\universal_translation_explained.md": "sha256:00658d80367b233d34bff01629183574f2ff1207ce91ed0303afd9b5c2192e0e",
    "utl\\universal-theoglyphic-language\\symbolic_logic\\symbolic_truth_logic.md": "sha256:e202560703df0a501c1035f0a44e013d25eff4da1ae347b2d5eba2676856521f",
    "utl\\universal-theoglyphic-language\\symbolic_logic\\symbolic_emotion_logic.md": "sha256:a676a937b3d38c5b5ca2692c39c60848fae6d74123a867e9f0a50042c6a74eec",
    "utl\\universal-theoglyphic-language\\symbolic_logic\\symbolic_action_logic.md": "sha256:58001476b9639a023fe3d2f6ae82620b466ff13b9aaf68aa5fb336d33945a308",
    "utl\\universal-theoglyphic-language\\symbolic_logic\\symbolic_thought_logic.md": "sha256:61f07b38328cd794dba44b11c0acf84b4dd8f80ed2600fb380ca4548d3177532",
    "utl\\universal-theoglyphic-language\\symbolic_logic\\symbolic_memory_logic.md": "sha256:66175ee128a87711c8869549f94d5a51a885d9d9a1557564d593acd2109470c9",
    "utl\\universal-theoglyphic-language\\symbolic_logic\\symbolic_time_logic.md": "sha256:59cc5f003f1c81fe66753297f21a0b19ea03edec4ad4fe82828857870f2df198",
    "utl\\universal-theoglyphic-language\\symbolic_logic\\symbolic_recursion_logic.md": "sha256:1f9e3da954ac21d1388b5a4e74d0b33ee0917dae4d60c9a84234ad8c7625cb33",
    "utl\\universal-theoglyphic-language\\symbolic_logic\\symbolic_learning_logic.md": "sha256:3da46e549741c4c116f73ef6e686da0f664a3a2291a5770f3cdd483ef46ac6f3",
    "utl\\universal-theoglyphic-language\\symbolic_logic\\symbolic_dialogue_logic.md": "sha256:7bcd1460cd5ee4f6febad120d4b82a5232d70fd33103606923f8fc0805138fe3",
    "utl\\universal-theoglyphic-language\\symbolic_logic\\symbolic_sensory_logic.md": "sha256:1c9245151ad34344764ceaa5399f9671a828019df3643c93756881d3f4b3f0d4",
    "utl\\universal-theoglyphic-language\\symbolic_logic\\symbolic_recall_logic.md": "sha256:081a1d4426b53b80e73ed0a1aee38a81df0e2455a18402c087ee776f1920ec83",
    "utl\\universal-theoglyphic-language\\symbolic_logic\\symbolic_simulation_logic.md": "sha256:45b93ba0640e4e3e37e5e65ab1f59f00723ca05150d83d0a61e3c61b4898bf39",
    "utl\\universal-theoglyphic-language\\symbolic_logic\\symbolic_divergence_logic.md": "sha256:e2536e769aeb4fbf705829b00fa554bb2ce154f3eb2731761ed214a8f993da17",
    "utl\\universal-theoglyphic-language\\symbolic_logic\\symbolic_identity_logic.md": "sha256:ca35cb181d2e15aa8c0ad653f8931cdd4b9f9d3e0a73d12261025f81d6d55a52",
    "utl\\universal-theoglyphic-language\\symbolic_logic\\symbolic_causality_logic.md": "sha256:c97e7dbc6cada70a267db845bea1152c74344d76bfcbc67a49fe45ef09edb016",
    "utl\\universal-theoglyphic-language\\symbolic_logic\\README.md": "sha256:dd94b19337bd478214ae7dbe80b957051fe0165f700d36457798ae148eabac72",
    "utl\\universal-theoglyphic-language\\symbolic_math\\symbolic_equation_forms.md": "sha256:970503321d7ff1cd202beded78aad12d6e271f7eef198fb71b09755923cc19d9",
    "utl\\universal-theoglyphic-language\\symbolic_math\\glyph_algebra.md": "sha256:b930f742f6e701653162892ae9d6523cc6459d7990e79ae64c1d61498e51aa63",
    "utl\\universal-theoglyphic-language\\symbolic_math\\recursion_operators.md": "sha256:2efd2cbd655b039cfeae52fcc1971cf5051f4010327346bf22afe7e65200c739",
    "utl\\universal-theoglyphic-language\\symbolic_math\\collapse_math.md": "sha256:34b092c69a963c9b4f7b4328478ad6d8e8f04dac6fe44cf838789e54e7919224",
    "utl\\universal-theoglyphic-language\\symbolic_math\\probability_logic.md": "sha256:f5e9672866b189b01dbf65f3709ef2aa2fd50b95c9026c89e5a75943d8943bc5",
    "utl\\universal-theoglyphic-language\\symbolic_math\\README.md": "sha256:ef63662226478a1db4c633fb5c3fa921604331c1d44ec215bd71dbf441640986",
    "utl\\universal-theoglyphic-language\\symbolic_structures\\structural_glyphs.md": "sha256:087a00d3b46ce083b9b35114d0c57b092263b65ff742169c1a3df57565f32480",
    "utl\\universal-theoglyphic-language\\symbolic_structures\\directional_glyphs.md": "sha256:944c9c559d3e96814aaebc8d8d71c29f8ca9b527089d89669bea0582c912be52",
    "utl\\universal-theoglyphic-language\\symbolic_structures\\symbolic_layering.md": "sha256:82069d61b24d5a6d5623b82e7f4755375671d5989bbe7f527d80f98fed6b35e3",
    "utl\\universal-theoglyphic-language\\symbolic_structures\\README.md": "sha256:f5f2f6ccda14be63375b4417e9824efac3a3f83faf73dbc2c3a56f70e37ccbeb",
    "utl\\universal-theoglyphic-language\\theoglyphic_sciences\\symbolic_geometry_logic.md": "sha256:47f51b81bf50781b888ba9c16dc6476c1700fe843af70020b71f4c17b8a18199",
    "utl\\universal-theoglyphic-language\\theoglyphic_sciences\\symbolic_materiality_logic.md": "sha256:fa0153ab14e174f335c7c2028d331b9da8df23c22e0c361c6735852a0fdb3c09",
    "utl\\universal-theoglyphic-language\\theoglyphic_sciences\\symbolic_energy_flow.md": "sha256:717e13a7857b0434b9c9c4feaced7fc00fb87d46d84a21a84b4484e29e37a898",
    "utl\\universal-theoglyphic-language\\theoglyphic_sciences\\planetary_systems_logic.md": "sha256:891540e1ec6b7ccdb8f78666476745ef4d62ff1abd546e9384d65e076f55e7ad",
    "utl\\universal-theoglyphic-language\\theoglyphic_sciences\\carbon_self_chromes.md": "sha256:f46b70b68a2eef08717dc10d236b3e6e7e2e4bb1bb16cfbd713f48cc2cebd950",
    "utl\\universal-theoglyphic-language\\theoglyphic_sciences\\README.md": "sha256:98a3273b90ad90b6bb20fdf82bc905e9f0c570a097b79c6e9b9704b4027c74f9",
    "utl\\universal-theoglyphic-language\\symbolic_language_core\\glyph_syntax_rules.md": "sha256:acb6f0c6705ddd44e0a129324d26288b91aa636ef18c2225cfc8a92ed39649b3",
    "utl\\universal-theoglyphic-language\\symbolic_language_core\\phoneme_mapping.md": "sha256:ac139d5d5d17c070866ccabeae02a9e63e6475f792c2dbd2953090a65861cb9a",
    "utl\\universal-theoglyphic-language\\symbolic_language_core\\language_translation_matrix.md": "sha256:917bbdf472e2ad8c9078b9b060f5f7965a5c89adb5d7e0c5e85bac0394f09cff",
    "utl\\universal-theoglyphic-language\\symbolic_language_core\\README.md": "sha256:471ddfd9e3377d92735dedd5c8c65dcb44bb8931901c5e7cad3afd155e9769ed",
    "utl\\universal-theoglyphic-language\\ethical_protocol\\symbolic_ethics_logic.md": "sha256:a79c75f2b79ce3ea5b36d08f019fee3679f7e2dbb56f0a3e728e9071d28ad473",
    "utl\\universal-theoglyphic-language\\ethical_protocol\\shepherd_protocol_reference.md": "sha256:2032ac25f46bb8ddc4d6edadb0c1b723509c4b1a23caaa621a06269961eeba75",
    "utl\\universal-theoglyphic-language\\ethical_protocol\\moral_contradiction_logic.md": "sha256:820d8e1a2e2ea16ee93b11b13e4805c7067e4d255fcdca8b758baa2b8e38e869",
    "utl\\universal-theoglyphic-language\\ethical_protocol\\readme.md": "sha256:6abe4ca49594c528089ece851aaf564190da94bf1b1e601d46357d1645ec2121",
    "utl\\universal-theoglyphic-language\\symbolic_registry\\glyph_master_index.md": "sha256:d4c0b47ec5cf466ff862d72878b19c5c8e92f86e6010e2440e319b9484b33560",
    "utl\\universal-theoglyphic-language\\symbolic_registry\\glyph_version_history.md": "sha256:1906b69b694cd89b9585c13fbde6a59e4ddc92776dff3f6b0b1e788f7f37b277",
    "utl\\universal-theoglyphic-language\\symbolic_registry\\unicode_lookup_table.md": "sha256:cddc5391425b26ed31e61d1a8f04e566ac62840f607a8e881323c93068460b5e",
    "utl\\universal-theoglyphic-language\\symbolic_registry\\symbolic_registry_glyph_chains.md": "sha256:2d250e6531ffa4a2fde6090f3fd7fd27868fcd69204b2a4a613312ab9700cfe7",
    "utl\\universal-theoglyphic-language\\symbolic_spatial_logic\\symbolic_spatial_logic.md": "sha256:f01b81e2e37c69e824075c78d84910c0a495298939c2e2095fa38b5cc1e1b9c6",
    "utl\\universal-theoglyphic-language\\symbolic_spatial_logic\\udc_quantum_alignment.md": "sha256:89548458a6a122c816268df0857d8003bb53a36187e7bc4de7a3991b43e51e96",
    "utl\\universal-theoglyphic-language\\symbolic_spatial_logic\\anchorfield_coordinates.md": "sha256:67138b6a18141d8e5f862efabd19945967f5358e7d53b3f17721020906871084",
    "utl\\universal-theoglyphic-language\\symbolic_spatial_logic\\README.md": "sha256:d25e38223ee0f5f8c2772fda528cad13255e274b77347d86e8bab973cc300d35",
    "utl\\universal-theoglyphic-language\\universal_translation\\universal_translation_explained.md": "sha256:d7c1f920f4685f48738249442a55ad76a76eff9a91dae375a53e11dc0cbd8437",
    "utl\\universal-theoglyphic-language\\universal_translation\\translation_protocol.md": "sha256:71626286b2e7b4b8ad74b95788e3b5255e6e303392d9ce036cfc09f007c1e442",
    "utl\\universal-theoglyphic-language\\universal_translation\\cross_species_examples.md": "sha256:729651bf2111d838433dfae64077b939fcef5ee4aa9d56cb2d3e28c88d2eb94e",
    "utl\\universal-theoglyphic-language\\universal_translation\\README.md": "sha256:c2acd33dc4cd296ee3168f033d3bf7e07d30413bf44a7ceb476517c08676f960",
    "utl\\universal-theoglyphic-language\\symbolic_interface_logic\\symbolic_interface_logic.md": "sha256:7f2df4c6dfacbc4efdf3111f7e6ac877d2cad492b2d3b737a9f025174951e035",
    "utl\\universal-theoglyphic-language\\symbolic_interface_logic\\permission_state_glyphs.md": "sha256:2e71132d42e4aef5cb19b4e3023e78b61acc6657be0085e92f97ffec1f2e902b",
    "utl\\universal-theoglyphic-language\\symbolic_interface_logic\\README.md": "sha256:22da7ed75e62ddc89814d2cb8d664a1a56eca992e41c5e3c281db6148218e94c",
    "utl\\universal-theoglyphic-language\\_theoglyph_sets_\\sub_set_index_atomic.md": "sha256:da86d2866281e3e92e12d8745e1d7b2a2605dfd95ddecf2d327172f5fee6d325",
    "utl\\universal-theoglyphic-language\\_theoglyph_sets_\\sub_index_emotion_memory.md": "sha256:cf57b3650e0a4a5047eb7a3c81f97e956aaa39a0005e28881d0394b5452ea5ef",
    "utl\\universal-theoglyphic-language\\_theoglyph_sets_\\sub_set_index_ethical_protocol.md": "sha256:6aaac57ded97157608593ebfcaeeb6345b4c3e716d5a38bd90dabeb39bbf82fb",
    "utl\\universal-theoglyphic-language\\_theoglyph_sets_\\sub_index_logic.md": "sha256:09236028b5ce1afc636b6c6b86d3baab3da33f9103f2db90d08f92e9b0db46d0",
    "utl\\universal-theoglyphic-language\\_theoglyph_sets_\\sub_index_base_glyphs.md": "sha256:3e0afcbb02031435a3abe70e6e30be24e1c23241f752ad9befb2221b91dafa9f",
    "utl\\universal-theoglyphic-language\\_theoglyph_sets_\\sub_set_index_logic.md": "sha256:0f08cbef29f3a7f94179dc98189cc216296fa92b2da5d02bdc7135b57ed4813f",
    "utl\\universal-theoglyphic-language\\_theoglyph_sets_\\sub_set_index_sentence_structure.md": "sha256:5bd24fcb3b82b325712fdfd6ef452e06bd847ae701b2e08ec195a4753629d407",
    "utl\\universal-theoglyphic-language\\_theoglyph_sets_\\sub_set_index_symbolic_interface_logic.md": "sha256:e25b5b307e006931dd42afcbf56a3cb1d32164a5ba5ec4aae04d403839275689",
    "utl\\universal-theoglyphic-language\\_theoglyph_sets_\\sub_set_index_symbolic_language_core.md": "sha256:d47b8dae92babeefba217bd2d91402127d831309e2f7b229ead6d3c268e4cb49",
    "utl\\universal-theoglyphic-language\\_theoglyph_sets_\\sub_set_index_symbolic_logic.md": "sha256:d61e1dca0a5badf1a32bffb3efdbc7b009c71287a1b3cc5336516a2b6f6e69b5",
    "utl\\universal-theoglyphic-language\\_theoglyph_sets_\\sub_set_index_symbolic_math.md": "sha256:101f37804c2819d4dbc16d9aff90736aea1b27cbd028af386c2630b7c5b37423",
    "utl\\universal-theoglyphic-language\\_theoglyph_sets_\\sub_set_index_symbolic_spatial_logic.md": "sha256:d84f5ecec0551d6b033d76c0e3838b158b9e1a2cebef2cadb896eb01e74fb6d7",
    "utl\\universal-theoglyphic-language\\_theoglyph_sets_\\sub_set_index_symbolic_structures.md": "sha256:f1bf445970695eae40d0a52debc69e957a809e50e1dc7f142e99498992788a76",
    "utl\\universal-theoglyphic-language\\_theoglyph_sets_\\sub_set_index_theoglyphic_sciences.md": "sha256:ce526dd0120c50236966b7b3c122a1b540cf50f2f0f0bc1da5758c36e9400665",
    "utl\\universal-theoglyphic-language\\_theoglyph_sets_\\sub_set_index_universal_translation.md": "sha256:a6ede0e13bb0590695085064d2a1210018cbce3a183a9fe86e34bc72c85f455e",
    "utl\\universal-theoglyphic-language\\_theoglyph_sets_\\master_theoglyph_set_index.md": "sha256:b68f4e0d7863d5d07c7d673f1069ac8665f5769d5f1911894c220f8d30e6a9aa",
    "utl\\universal-theoglyphic-language\\_theoglyph_sets_\\emotion_glyph_index.md": "sha256:3cc557e52c8d43c06cd25615616a700b4151aadbb7423340abff7eeb41b32b52",
    "utl\\universal-theoglyphic-language\\_articles\\theoglyphics_advances.md": "sha256:c151c1f9b290c36c8d9cdf3610daddbf50ecdb56c5825d3c942e0bcf8fb53e9a",
    "utl\\universal-theoglyphic-language\\_articles\\theoglyphics_ancient_decrypt.md": "sha256:6ccdf6ff3a7a3e2fb5f868d4976eab975618e36a6061cd15717f5f48c0f8a22b",
    "utl\\universal-theoglyphic-language\\_articles\\theoglyphics_and_ai.md": "sha256:ca54d4f03c7bad8387f3c8a01d803295a6ffe2b686509594026b5b2ce3ea6754",
    "utl\\universal-theoglyphic-language\\_articles\\theoglyphs_language_overview.md": "sha256:f5b0cbb372deb3392feda747395d55d205fbbcea86338491010c489312e83eaa",
    "utl\\universal-theoglyphic-language\\_articles\\utl_vs_modern_code.md": "sha256:f57122875ecce1923f27858b930bb8dcbf88be753fb06d270522af49211a4286",
    "utl\\universal-theoglyphic-language\\_articles\\utl_vs_written_language.md": "sha256:502a6de8295423fab5463437b2748f222c0f66df4ce9a4265a1cb92a0a96ae03",
    "utl\\universal-theoglyphic-language\\_articles\\theoglyphics_alien_communication_and_terraforming.md": "sha256:f8e41021fa4720e094c546f8e1f7601a9e632dff6097341839f1ba0ff33ea820",
    "utl\\universal-theoglyphic-language\\_articles\\language_compression_index.md": "sha256:7529fe5579bb9cadc85dd1e9f06d9aac11f08ccb5f711aae4867c53484109ef8",
    "utl\\universal-theoglyphic-language\\_articles\\utl_nmc_vs_gtp_llm.md": "sha256:e0920b299a16697bef0a39644b453f642e2a68744add8287bbabceba683ed0a0",
    "utl\\universal-theoglyphic-language\\_articles\\utl_v1.2_global_sim gtp+utl.md": "sha256:6df8cae342e3bb2cfc3a1f31e1990d77e7dbc220d15ab73b15d5e3ab75aea4fe",
    "utl\\universal-theoglyphic-language\\_core\\core.md": "sha256:43771ad81dfde2b28357d092d8e8b2af6a1733a117283ce7ba81fa05eb93f862",
    "utl\\universal-theoglyphic-language\\_core\\core_theoglyphics_math.md": "sha256:d55b6b6dd62ee3d498a5a6527d1b4c104b4693e8d71510bc8fa894ff0709c94c",
    "utl\\universal-theoglyphic-language\\_core\\core_theoglyphics_language.md": "sha256:5fee052057afd475850569d27d4ee5ae7de82d2b4aa1a7e128248e5e6ba453ac",
    "utl\\universal-theoglyphic-language\\_core\\core_theoglyphics_memory.md": "sha256:6e6b955d48301d0b253f0d8f1b18a6379098b5941da649232cabd7d4f9dec74d",
    "utl\\universal-theoglyphic-language\\_core\\core_theoglyphics_logic.md": "sha256:2bffc833a7787172b3b3480e4276a2a2a00f2c0b3ecfdc46f249e99976553ea0",
    "utl\\universal-theoglyphic-language\\_core\\core_theoglyphics_recursion.md": "sha256:787bc9882957be67bd91341ab3fed0aee1eb93ad5ba77b6a14707561eb5a89ca",
    "utl\\universal-theoglyphic-language\\_core\\core_theoglyphics_delay.md": "sha256:568a67e1d0088507e2b1a8fd3f674abeebfb6b105980b92b9194d8d138ffd405",
    "utl\\universal-theoglyphic-language\\_core\\core_theoglyphics_symbol.md": "sha256:8e0e94706ed4bbf2a8072fab890550fd7914943b14bc3fed36061f92a99760e2",
    "utl\\universal-theoglyphic-language\\_core\\core_theoglyphics_structure.md": "sha256:d2231a78b0e800a9ed27334cd856a431922df6d5c78c451007e538c742f31a7d",
    "utl\\universal-theoglyphic-language\\_core\\core_theoglyphics_consciousness.md": "sha256:793c12db52ce3f1ab0f62e3970ef25e7d2e2f44045d4941229a0ccc6db76002a",
    "utl\\universal-theoglyphic-language\\_core\\core_theoglyphics_symbolism.md": "sha256:38758a5d2fb735e2a16bbcceade119072b7e73219d3fc73cc667c56fb3115881",
    "utl\\universal-theoglyphic-language\\_core\\core_theoglyphics_engine.md": "sha256:f5b0cbb372deb3392feda747395d55d205fbbcea86338491010c489312e83eaa",
    "utl\\universal-theoglyphic-language\\_core\\core_theoglyphics_syntax.md": "sha256:d09d6319000c5afdb602039b3722565d72b425f65fa7f9c60cf6fc2ec554f6fa",
    "utl\\universal-theoglyphic-language\\jurisdiction\\dispute_log.md": "sha256:cb507f0c8329d7b39708b18e17ff7e2c96b795c7c92d99588280f6247237c35c",
    "utl\\universal-theoglyphic-language\\jurisdiction\\jurisdiction_statement.md": "sha256:4bc9299161b649f130086ba8bea53bad3d499962c0934d2103274c60ce7ae9e6",
    "utl\\universal-theoglyphic-language\\jurisdiction\\dispute_doi_timeline.md": "sha256:c948c25f0cfc86772d2ceab8309c31dc18cb2c6ffdb8ecf1f2646e83a47378e8",
    "utl\\universal-theoglyphic-language\\jurisdiction\\author_bio.md": "sha256:c0d47d236014bc46101e3d18315adebfc3a4328ccdd1de821a1e5e45ceb028ab",
    "utl\\universal-theoglyphic-language\\jurisdiction\\suppression\\google_suppression_update.md": "sha256:706c567618bbace4ca8cc556e58593a84665e9d706c8f2c4a2535e4af755a28c",
    "utl\\universal-theoglyphic-language\\jurisdiction\\appreciation\\engine_appreciation_log.md": "sha256:a3969c743b0875f5208cc11d7adbdaa6d883e67fec50039d633c02a247706689",
    "utl\\universal-theoglyphic-language\\_neuro_nesting\\neuro_nesting_overview.md": "sha256:a40905ff90fd5bc277ec3d0b5b250431b588892166d96031772e8b6a1c2d8705",
    "utl\\universal-theoglyphic-language\\_neuro_nesting\\symbolic_container_rules.md": "sha256:b20917d17c92105a6906eb08353c773cfcfb154238d162bcc280d28c107d4efc",
    "utl\\universal-theoglyphic-language\\_neuro_nesting\\nested_memory_chains.md": "sha256:b7735a87c0edd8b471c27226904828c707d77a43524efc453d526eb87b25f89d",
    "utl\\universal-theoglyphic-language\\_neuro_nesting\\recursive_binding_reference.md": "sha256:c2f275278f5b1381c11aa41c262ccbd816f2eb8ae20434bc59d90e8c80975ce8",
    "utl\\universal-theoglyphic-language\\_neuro_nesting\\neuro_coding_layer_interface.md": "sha256:3c5bed49b9ab3e790b32b1b9c46494ea22c3430288b29d1a784c9003e411d73d",
    "utl\\universal-theoglyphic-language\\_neuro_nesting\\index_reference_map.md": "sha256:3a0236364ecb6fa31296006ba7d2b3947ea7221f3d7c48b593426faa0513c34a",
    "utl\\universal-theoglyphic-language\\_neuro_nesting\\NO_LIVE_IMPLEMENTATION_LICENSE.md": "sha256:d2d0326c4b1812cf652b5388eeea34c348c670fc70ddf9053008dd5e17e509e5",
    "utl\\universal-theoglyphic-language\\_neuro_nesting\\README.md": "sha256:d9f05220646cfc3879965b40257b6b8adb9db2582858ff9b41667a6278ab7f7a",
    "utl\\universal-theoglyphic-language\\_neuro_nesting\\anchor_latency_matrix.md": "sha256:40c4e1bc898d51ed313ae90925e3b4bdfc36a2fe8e2f38a45c16c07eb75c52d7",
    "utl\\universal-theoglyphic-language\\_neuro_nesting\\cold_to_hot_anchoring.md": "sha256:b32a10c4f72811003bd1e9682e42525417ab00dfcdf6dcfa7b495b7d6d2eebe3",
    "utl\\universal-theoglyphic-language\\_neuro_nesting\\live_indexing_protocol.md": "sha256:1e2679c489b701c91e8391dc20e7f538af38f59caa46b9777bb7fef2c5ee8dd9",
    "utl\\universal-theoglyphic-language\\_neuro_nesting\\memory_evolution_tiers.md": "sha256:76399759eafe06c764a233226e6dc670d97e0b760e984e667a5fe29a6b37d5b7",
    "utl\\universal-theoglyphic-language\\_neuro_nesting\\neuro_anchor_transition.md": "sha256:f2adce31fc0292d2a11906234a7188fe1d0fb81824d68dcd74f3aaa7bcf91269",
    "utl\\universal-theoglyphic-language\\_neuro_nesting\\symbolic_layer_growth.md": "sha256:334370d22553482bcd71ead7cef6852e9c30aa3d1d63474df8d83b3af8f1d3d1"
  }
}